#id	length	evalue	coverge	probability	score
TE_00000001_INT#LTR/Gypsy|Class_I/LTR/Ty3_gypsy/non-chromovirus/OTA/Tat/Retand:Ty3-GAG	96	7.9e-23	69.7	0.92	74.5
TE_00000001_INT#LTR/Gypsy|Class_I/LTR/Ty3_gypsy/non-chromovirus/OTA/Tat/Retand:Ty3-PROT	70	1.1e-13	74.7	0.9	45.3
TE_00000001_INT#LTR/Gypsy|Class_I/LTR/Ty3_gypsy/non-chromovirus/OTA/Tat/Retand:Ty3-RT	174	2.6e-96	100.0	1.0	313.9
TE_00000001_INT#LTR/Gypsy|Class_I/LTR/Ty3_gypsy/non-chromovirus/OTA/Tat/Retand:Ty3-RH	53	9.9e-58	21.1	0.94	189.3
TE_00000001_INT#LTR/Gypsy|Class_I/LTR/Ty3_gypsy/non-chromovirus/OTA/Tat/Retand:Ty3-INT	211	7.6e-82	68.5	0.93	268.8
TE_00000027_INT#LTR/Gypsy|Class_I/LTR/Ty3_gypsy/non-chromovirus/OTA/Tat/Retand:Ty3-GAG	124	1.8e-27	100.0	0.97	89.5
TE_00000027_INT#LTR/Gypsy|Class_I/LTR/Ty3_gypsy/non-chromovirus/OTA/Tat/Retand:Ty3-RT	79	5.8e-29	35.6	0.93	94.6
TE_00000027_INT#LTR/Gypsy|Class_I/LTR/Ty3_gypsy/non-chromovirus/OTA/Tat/Retand:Ty3-aRH	121	4.7e-46	99.2	0.98	149.5
TE_00000027_INT#LTR/Gypsy|Class_I/LTR/Ty3_gypsy/non-chromovirus/OTA/Tat/Retand:Ty3-INT	250	4.4e-117	78.5	0.96	384.5
TE_00000064_INT#LTR/Gypsy|Class_I/LTR/Ty3_gypsy/chromovirus/Reina:Ty3-CHD	74	3.5e-15	100.0	0.88	49.8
TE_00000064_INT#LTR/Gypsy|Class_I/LTR/Ty3_gypsy/chromovirus/Reina:Ty3-INT	87	3.8e-26	25.3	0.94	85.3
TE_00000064_INT#LTR/Gypsy|Class_I/LTR/Ty3_gypsy/chromovirus/Reina:Ty3-RH	100	6.4e-32	63.4	0.95	104.4
TE_00000064_INT#LTR/Gypsy|Class_I/LTR/Ty3_gypsy/chromovirus/Reina:Ty3-RT	173	1e-81	100.0	0.99	266.4
TE_00000064_INT#LTR/Gypsy|Class_I/LTR/Ty3_gypsy/chromovirus/Reina:Ty3-GAG	117	8.6e-22	100.0	0.99	71.6
TE_00000064_INT#LTR/Gypsy|Class_I/LTR/Ty3_gypsy/chromovirus/Reina:Ty3-PROT	43	8.7e-05	48.6	0.91	16.5
TE_00000117_INT#LTR/Gypsy|Class_I/LTR/Ty3_gypsy/non-chromovirus/OTA/Tat/Retand:Ty3-GAG	93	4.3e-25	66.4	0.95	81.9
TE_00000117_INT#LTR/Gypsy|Class_I/LTR/Ty3_gypsy/non-chromovirus/OTA/Tat/Retand:Ty3-PROT	76	1.5e-24	100.0	0.98	80.1
TE_00000117_INT#LTR/Gypsy|Class_I/LTR/Ty3_gypsy/non-chromovirus/OTA/Tat/Retand:Ty3-RT	174	5.3e-99	100.0	0.99	322.6
TE_00000117_INT#LTR/Gypsy|Class_I/LTR/Ty3_gypsy/non-chromovirus/OTA/Tat/Retand:Ty3-RH	53	4.6e-56	21.5	0.93	183.8
TE_00000117_INT#LTR/Gypsy|Class_I/LTR/Ty3_gypsy/non-chromovirus/OTA/Tat/Retand:Ty3-INT	314	2.4e-142	100.0	0.99	467.5
TE_00000193_INT#LTR/Gypsy|Class_I/LTR/Ty3_gypsy/non-chromovirus/OTA/Tat/Retand:Ty3-GAG	124	1.8e-39	100.0	0.98	128.2
TE_00000193_INT#LTR/Gypsy|Class_I/LTR/Ty3_gypsy/non-chromovirus/OTA/Tat/Retand:Ty3-PROT	62	1.3e-10	74.7	0.92	35.5
TE_00000193_INT#LTR/Gypsy|Class_I/LTR/Ty3_gypsy/non-chromovirus/OTA/Tat/Retand:Ty3-RT	170	5.2e-94	96.6	0.99	306.4
TE_00000193_INT#LTR/Gypsy|Class_I/LTR/Ty3_gypsy/non-chromovirus/OTA/Tat/Retand:Ty3-aRH	121	3.1e-48	99.2	0.99	156.6
TE_00000193_INT#LTR/Gypsy|Class_I/LTR/Ty3_gypsy/non-chromovirus/OTA/Tat/Retand:Ty3-INT	315	2.3e-150	100.0	0.98	493.9
TE_00000288_INT#LTR/Gypsy|Class_I/LTR/Ty3_gypsy/chromovirus/Reina:Ty3-GAG	81	2.7e-22	65.0	0.93	73.2
TE_00000288_INT#LTR/Gypsy|Class_I/LTR/Ty3_gypsy/chromovirus/Reina:Ty3-PROT	62	6.7e-15	74.3	0.95	48.9
TE_00000288_INT#LTR/Gypsy|Class_I/LTR/Ty3_gypsy/chromovirus/Reina:Ty3-RT	173	1.6e-92	100.0	1.0	301.6
TE_00000288_INT#LTR/Gypsy|Class_I/LTR/Ty3_gypsy/chromovirus/Reina:Ty3-RH	145	4.6e-55	99.3	0.99	179.5
TE_00000288_INT#LTR/Gypsy|Class_I/LTR/Ty3_gypsy/chromovirus/Reina:Ty3-INT	302	2.5e-136	100.0	0.99	447.1
TE_00000288_INT#LTR/Gypsy|Class_I/LTR/Ty3_gypsy/chromovirus/Reina:Ty3-CHD	76	8.6e-14	97.4	0.87	45.3
TE_00000289_INT#LTR/Gypsy|Class_I/LTR/Ty3_gypsy/chromovirus/Tekay:Ty3-GAG	109	2.1e-20	68.8	0.93	66.6
TE_00000289_INT#LTR/Gypsy|Class_I/LTR/Ty3_gypsy/chromovirus/Tekay:Ty3-PROT	75	2.1e-19	100.0	1.0	63.5
TE_00000289_INT#LTR/Gypsy|Class_I/LTR/Ty3_gypsy/chromovirus/Tekay:Ty3-RT	173	4.4e-96	100.0	1.0	313.3
TE_00000289_INT#LTR/Gypsy|Class_I/LTR/Ty3_gypsy/chromovirus/Tekay:Ty3-RH	145	1.8e-78	100.0	1.0	255.3
TE_00000289_INT#LTR/Gypsy|Class_I/LTR/Ty3_gypsy/chromovirus/Tekay:Ty3-INT	92	1.7e-98	28.6	0.97	323.2
TE_00000289_INT#LTR/Gypsy|Class_I/LTR/Ty3_gypsy/chromovirus/Tekay:Ty3-CHD	77	3.1e-23	100.0	0.99	75.4
TE_00000292_INT#LTR/Gypsy|Class_I/LTR/Ty3_gypsy/non-chromovirus/OTA/Athila:Ty3-GAG	128	6.6e-55	100.0	0.99	178.5
TE_00000292_INT#LTR/Gypsy|Class_I/LTR/Ty3_gypsy/non-chromovirus/OTA/Athila:Ty3-PROT	77	6.8e-29	100.0	0.99	93.5
TE_00000294_INT#LTR/Gypsy|Class_I/LTR/Ty3_gypsy/non-chromovirus/OTA/Athila:Ty3-PROT	75	8.1e-28	94.9	0.98	90.1
TE_00000295_INT#LTR/Gypsy|Class_I/LTR/Ty3_gypsy/non-chromovirus/OTA/Athila:Ty3-GAG	128	7.5e-57	100.0	0.99	184.7
TE_00000295_INT#LTR/Gypsy|Class_I/LTR/Ty3_gypsy/non-chromovirus/OTA/Athila:Ty3-PROT	77	1.1e-28	100.0	0.98	92.8
TE_00000296_INT#LTR/Gypsy|Class_I/LTR/Ty3_gypsy/chromovirus/CRM:Ty3-GAG	48	4.8e-14	34.6	0.97	46.3
TE_00000296_INT#LTR/Gypsy|Class_I/LTR/Ty3_gypsy/chromovirus/CRM:Ty3-PROT	74	1.3e-25	93.3	0.98	83.3
TE_00000296_INT#LTR/Gypsy|Class_I/LTR/Ty3_gypsy/chromovirus/CRM:Ty3-RT	173	2.2e-98	100.0	1.0	320.7
TE_00000296_INT#LTR/Gypsy|Class_I/LTR/Ty3_gypsy/chromovirus/CRM:Ty3-RH	145	1.2e-67	100.0	0.99	220.3
TE_00000296_INT#LTR/Gypsy|Class_I/LTR/Ty3_gypsy/chromovirus/CRM:Ty3-INT	306	3.9e-151	98.4	0.99	496.2
TE_00000298_INT#LTR/Gypsy|Class_I/LTR/Ty3_gypsy/chromovirus/CRM:Ty3-GAG	130	1.2e-54	100.0	1.0	177.6
TE_00000298_INT#LTR/Gypsy|Class_I/LTR/Ty3_gypsy/chromovirus/CRM:Ty3-PROT	75	5.1e-39	100.0	1.0	126.2
TE_00000298_INT#LTR/Gypsy|Class_I/LTR/Ty3_gypsy/chromovirus/CRM:Ty3-RT	173	1.2e-105	100.0	1.0	344.4
TE_00000298_INT#LTR/Gypsy|Class_I/LTR/Ty3_gypsy/chromovirus/CRM:Ty3-RH	145	1.8e-80	100.0	1.0	261.9
TE_00000298_INT#LTR/Gypsy|Class_I/LTR/Ty3_gypsy/chromovirus/CRM:Ty3-INT	308	1.4e-176	100.0	1.0	579.7
TE_00000298_INT#LTR/Gypsy|Class_I/LTR/Ty3_gypsy/chromovirus/CRM:Ty3-CHDCR	20	1.1e-08	33.3	0.98	29.0
TE_00000311_INT#LTR/Gypsy|Class_I/LTR/Ty3_gypsy/chromovirus/CRM:Ty3-GAG	27	3.3e-15	20.0	0.94	50.1
TE_00000311_INT#LTR/Gypsy|Class_I/LTR/Ty3_gypsy/chromovirus/CRM:Ty3-PROT	75	2.4e-37	100.0	1.0	120.8
TE_00000311_INT#LTR/Gypsy|Class_I/LTR/Ty3_gypsy/chromovirus/CRM:Ty3-RT	173	2e-97	100.0	1.0	317.6
TE_00000311_INT#LTR/Gypsy|Class_I/LTR/Ty3_gypsy/chromovirus/CRM:Ty3-RH	142	4.9e-66	97.9	1.0	215.1
TE_00000311_INT#LTR/Gypsy|Class_I/LTR/Ty3_gypsy/chromovirus/CRM:Ty3-INT	300	1.9e-147	96.8	0.99	484.0
TE_00000321_INT#LTR/Gypsy|Class_I/LTR/Ty3_gypsy/non-chromovirus/OTA/Tat/Retand:Ty3-GAG	124	3.4e-32	100.0	0.96	104.8
TE_00000321_INT#LTR/Gypsy|Class_I/LTR/Ty3_gypsy/non-chromovirus/OTA/Tat/Retand:Ty3-PROT	76	1.8e-27	100.0	0.99	89.5
TE_00000321_INT#LTR/Gypsy|Class_I/LTR/Ty3_gypsy/non-chromovirus/OTA/Tat/Retand:Ty3-RT	66	6e-28	36.2	0.92	91.3
TE_00000321_INT#LTR/Gypsy|Class_I/LTR/Ty3_gypsy/non-chromovirus/OTA/Tat/Retand:Ty3-RH	53	9.9e-55	21.1	0.94	179.4
TE_00000321_INT#LTR/Gypsy|Class_I/LTR/Ty3_gypsy/non-chromovirus/OTA/Tat/Retand:Ty3-INT	314	1.5e-133	100.0	0.98	438.6
TE_00000327_INT#LTR/Gypsy|Class_I/LTR/Ty3_gypsy/chromovirus/CRM:Ty3-GAG	49	7e-14	35.4	0.97	45.8
TE_00000327_INT#LTR/Gypsy|Class_I/LTR/Ty3_gypsy/chromovirus/CRM:Ty3-PROT	76	1.7e-30	100.0	0.99	98.9
TE_00000327_INT#LTR/Gypsy|Class_I/LTR/Ty3_gypsy/chromovirus/CRM:Ty3-RT	173	2e-84	94.8	0.94	275.3
TE_00000327_INT#LTR/Gypsy|Class_I/LTR/Ty3_gypsy/chromovirus/CRM:Ty3-INT	270	4.2e-119	82.5	0.97	390.9
TE_00000331_INT#LTR/Gypsy|Class_I/LTR/Ty3_gypsy/non-chromovirus/OTA/Athila:Ty3-PROT	77	7.1e-31	100.0	0.99	99.9
TE_00000344_INT#LTR/Gypsy|Class_I/LTR/Ty3_gypsy/chromovirus/Reina:Ty3-GAG	119	7.6e-30	100.0	0.96	97.6
TE_00000344_INT#LTR/Gypsy|Class_I/LTR/Ty3_gypsy/chromovirus/Reina:Ty3-PROT	74	6.5e-26	100.0	1.0	84.1
TE_00000344_INT#LTR/Gypsy|Class_I/LTR/Ty3_gypsy/chromovirus/Reina:Ty3-RT	173	4.3e-91	100.0	0.99	297.0
TE_00000344_INT#LTR/Gypsy|Class_I/LTR/Ty3_gypsy/chromovirus/Reina:Ty3-RH	119	9e-47	74.5	0.96	152.6
TE_00000344_INT#LTR/Gypsy|Class_I/LTR/Ty3_gypsy/chromovirus/Reina:Ty3-INT	308	9.6e-152	100.0	1.0	497.7
TE_00000344_INT#LTR/Gypsy|Class_I/LTR/Ty3_gypsy/chromovirus/Reina:Ty3-CHD	74	2.7e-21	98.7	0.89	69.4
TE_00000370_INT#LTR/Gypsy|Class_I/LTR/Ty3_gypsy/non-chromovirus/OTA/Athila:Ty3-GAG	128	4.5e-37	100.0	0.97	120.8
TE_00000370_INT#LTR/Gypsy|Class_I/LTR/Ty3_gypsy/non-chromovirus/OTA/Athila:Ty3-PROT	66	1.2e-14	83.5	0.97	47.9
TE_00000374_INT#LTR/Gypsy|Class_I/LTR/Ty3_gypsy/non-chromovirus/OTA/Athila:Ty3-GAG	128	1.2e-45	99.2	0.96	148.5
TE_00000374_INT#LTR/Gypsy|Class_I/LTR/Ty3_gypsy/non-chromovirus/OTA/Athila:Ty3-PROT	77	1.9e-24	100.0	0.99	79.3
TE_00000377_INT#LTR/Gypsy|Class_I/LTR/Ty3_gypsy/non-chromovirus/OTA/Athila:Ty3-GAG	65	3.8e-17	43.0	0.87	56.4
TE_00000377_INT#LTR/Gypsy|Class_I/LTR/Ty3_gypsy/non-chromovirus/OTA/Athila:Ty3-PROT	77	3.9e-27	100.0	0.99	87.9
TE_00000379_INT#LTR/Gypsy|Class_I/LTR/Ty3_gypsy/chromovirus/Tekay:Ty3-PROT	76	2.9e-15	100.0	0.99	50.3
TE_00000379_INT#LTR/Gypsy|Class_I/LTR/Ty3_gypsy/chromovirus/Tekay:Ty3-CHD	27	8.4e-05	29.9	0.88	16.3
TE_00000382_INT#LTR/Gypsy|Class_I/LTR/Ty3_gypsy/chromovirus/CRM:Ty3-GAG	129	1.7e-50	99.2	0.99	164.2
TE_00000382_INT#LTR/Gypsy|Class_I/LTR/Ty3_gypsy/chromovirus/CRM:Ty3-PROT	75	8e-36	100.0	1.0	115.9
TE_00000382_INT#LTR/Gypsy|Class_I/LTR/Ty3_gypsy/chromovirus/CRM:Ty3-RT	103	8.7e-56	57.8	0.98	182.0
TE_00000382_INT#LTR/Gypsy|Class_I/LTR/Ty3_gypsy/chromovirus/CRM:Ty3-RH	103	6.8e-51	69.0	0.98	166.0
TE_00000382_INT#LTR/Gypsy|Class_I/LTR/Ty3_gypsy/chromovirus/CRM:Ty3-INT	279	1.6e-147	89.3	0.99	484.3
TE_00000382_INT#LTR/Gypsy|Class_I/LTR/Ty3_gypsy/chromovirus/CRM:Ty3-CHDCR	19	0.001	25.0	0.91	13.1
TE_00000394_INT#LTR/Gypsy|Class_I/LTR/Ty3_gypsy/chromovirus/Tekay:Ty3-GAG	112	9.3e-31	73.4	0.96	100.1
TE_00000394_INT#LTR/Gypsy|Class_I/LTR/Ty3_gypsy/chromovirus/Tekay:Ty3-PROT	59	2.5e-09	66.7	0.92	31.3
TE_00000394_INT#LTR/Gypsy|Class_I/LTR/Ty3_gypsy/chromovirus/Tekay:Ty3-RT	173	1.6e-92	100.0	0.99	301.7
TE_00000394_INT#LTR/Gypsy|Class_I/LTR/Ty3_gypsy/chromovirus/Tekay:Ty3-RH	145	2.6e-76	100.0	1.0	248.3
TE_00000394_INT#LTR/Gypsy|Class_I/LTR/Ty3_gypsy/chromovirus/Tekay:Ty3-INT	165	1.8e-76	51.9	0.98	250.8
TE_00000394_INT#LTR/Gypsy|Class_I/LTR/Ty3_gypsy/chromovirus/Tekay:Ty3-CHD	77	1.7e-23	100.0	0.99	76.2
TE_00000396_INT#LTR/Gypsy|Class_I/LTR/Ty3_gypsy/chromovirus/Reina:Ty3-GAG	119	3.7e-21	100.0	0.9	69.5
TE_00000418_INT#LTR/Gypsy|Class_I/LTR/Ty3_gypsy/chromovirus/Tekay:Ty3-GAG	128	1.2e-30	100.0	0.98	99.7
TE_00000421_INT#LTR/Gypsy|Class_I/LTR/Ty3_gypsy/chromovirus/Reina:Ty3-GAG	117	2.8e-27	100.0	0.99	89.3
TE_00000421_INT#LTR/Gypsy|Class_I/LTR/Ty3_gypsy/chromovirus/Reina:Ty3-PROT	66	7.8e-07	66.2	0.8	23.0
TE_00000421_INT#LTR/Gypsy|Class_I/LTR/Ty3_gypsy/chromovirus/Reina:Ty3-RT	173	1.5e-90	100.0	1.0	295.1
TE_00000422_INT#LTR/Gypsy|Class_I/LTR/Ty3_gypsy/non-chromovirus/OTA/Athila:Ty3-GAG	128	3.5e-52	100.0	0.99	169.7
TE_00000422_INT#LTR/Gypsy|Class_I/LTR/Ty3_gypsy/non-chromovirus/OTA/Athila:Ty3-PROT	77	8.1e-28	100.0	0.98	90.1
TE_00000423_INT#LTR/Gypsy|Class_I/LTR/Ty3_gypsy/non-chromovirus/OTA/Athila:Ty3-GAG	128	1.1e-57	100.0	0.99	187.5
TE_00000423_INT#LTR/Gypsy|Class_I/LTR/Ty3_gypsy/non-chromovirus/OTA/Athila:Ty3-PROT	77	5.7e-30	100.0	0.99	97.0
TE_00000425_INT#LTR/Gypsy|Class_I/LTR/Ty3_gypsy/chromovirus/Reina:Ty3-GAG	119	3.1e-27	100.0	0.96	89.1
TE_00000447_INT#LTR/Gypsy|Class_I/LTR/Ty3_gypsy/non-chromovirus/OTA/Tat/Retand:Ty3-GAG	64	1.8e-14	45.9	0.93	47.6
TE_00000447_INT#LTR/Gypsy|Class_I/LTR/Ty3_gypsy/non-chromovirus/OTA/Tat/Retand:Ty3-PROT	76	2.6e-22	100.0	0.97	72.9
TE_00000447_INT#LTR/Gypsy|Class_I/LTR/Ty3_gypsy/non-chromovirus/OTA/Tat/Retand:Ty3-RT	174	4.3e-90	100.0	0.99	293.6
TE_00000447_INT#LTR/Gypsy|Class_I/LTR/Ty3_gypsy/non-chromovirus/OTA/Tat/Retand:Ty3-aRH	86	1.9e-32	70.2	0.99	105.6
TE_00000447_INT#LTR/Gypsy|Class_I/LTR/Ty3_gypsy/non-chromovirus/OTA/Tat/Retand:Ty3-INT	304	2.3e-108	100.0	0.96	355.9
TE_00000448_INT#LTR/Gypsy|Class_I/LTR/Ty3_gypsy/non-chromovirus/OTA/Tat/Retand:Ty3-GAG	124	3.1e-38	100.0	0.98	124.3
TE_00000453_INT#LTR/Gypsy|Class_I/LTR/Ty3_gypsy/non-chromovirus/OTA/Athila:Ty3-GAG	128	7.6e-44	100.0	0.99	142.7
TE_00000453_INT#LTR/Gypsy|Class_I/LTR/Ty3_gypsy/non-chromovirus/OTA/Athila:Ty3-PROT	29	0.00018	32.9	0.91	15.3
TE_00000453_INT#LTR/Gypsy|Class_I/LTR/Ty3_gypsy/non-chromovirus/OTA/Athila:Ty3-RT	192	7.3e-104	100.0	0.98	339.2
TE_00000453_INT#LTR/Gypsy|Class_I/LTR/Ty3_gypsy/non-chromovirus/OTA/Athila:Ty3-RH	131	6.7e-65	83.9	0.98	211.2
TE_00000454_LTR#LTR/Gypsy|Class_I/LTR/Ty3_gypsy/chromovirus/CRM:Ty3-CHDCR	107	1.5e-11	65.0	0.77	38.2
TE_00000456_INT#LTR/Gypsy|Class_I/LTR/Ty3_gypsy/chromovirus/CRM:Ty3-GAG	97	2.3e-15	53.8	0.94	50.6
TE_00000456_INT#LTR/Gypsy|Class_I/LTR/Ty3_gypsy/chromovirus/CRM:Ty3-CHDCR	20	4.9e-05	33.3	0.95	17.4
TE_00000458_INT#LTR/Gypsy|Class_I/LTR/Ty3_gypsy/chromovirus/Tekay:Ty3-GAG	127	8.1e-31	92.2	0.94	100.3
TE_00000458_INT#LTR/Gypsy|Class_I/LTR/Ty3_gypsy/chromovirus/Tekay:Ty3-PROT	56	2.8e-07	58.7	0.9	24.7
TE_00000458_INT#LTR/Gypsy|Class_I/LTR/Ty3_gypsy/chromovirus/Tekay:Ty3-RT	173	4.3e-91	100.0	1.0	297.0
TE_00000458_INT#LTR/Gypsy|Class_I/LTR/Ty3_gypsy/chromovirus/Tekay:Ty3-RH	122	6.3e-60	82.1	0.98	195.1
TE_00000458_INT#LTR/Gypsy|Class_I/LTR/Ty3_gypsy/chromovirus/Tekay:Ty3-INT	65	2.5e-27	20.8	0.99	89.5
TE_00000484_INT#LTR/Gypsy|Class_I/LTR/Ty3_gypsy/chromovirus/Reina:Ty3-GAG	117	3.9e-28	100.0	0.99	92.1
TE_00000484_INT#LTR/Gypsy|Class_I/LTR/Ty3_gypsy/chromovirus/Reina:Ty3-PROT	74	9.9e-20	100.0	1.0	64.3
TE_00000484_INT#LTR/Gypsy|Class_I/LTR/Ty3_gypsy/chromovirus/Reina:Ty3-RT	173	6.3e-94	100.0	1.0	306.2
TE_00000484_INT#LTR/Gypsy|Class_I/LTR/Ty3_gypsy/chromovirus/Reina:Ty3-RH	145	4.1e-64	100.0	1.0	208.8
TE_00000484_INT#LTR/Gypsy|Class_I/LTR/Ty3_gypsy/chromovirus/Reina:Ty3-INT	308	4.7e-150	100.0	0.99	492.2
TE_00000484_INT#LTR/Gypsy|Class_I/LTR/Ty3_gypsy/chromovirus/Reina:Ty3-CHD	74	5e-17	100.0	0.9	55.7
TE_00000501_INT#LTR/Gypsy|Class_I/LTR/Ty3_gypsy/non-chromovirus/OTA/Tat/Retand:Ty3-GAG	124	2.7e-39	100.0	0.99	127.7
TE_00000501_INT#LTR/Gypsy|Class_I/LTR/Ty3_gypsy/non-chromovirus/OTA/Tat/Retand:Ty3-PROT	62	7e-15	78.5	0.95	49.1
TE_00000501_INT#LTR/Gypsy|Class_I/LTR/Ty3_gypsy/non-chromovirus/OTA/Tat/Retand:Ty3-RT	174	3.3e-89	100.0	0.98	290.7
TE_00000501_INT#LTR/Gypsy|Class_I/LTR/Ty3_gypsy/non-chromovirus/OTA/Tat/Retand:Ty3-RH	55	1.1e-58	22.4	0.91	192.3
TE_00000501_INT#LTR/Gypsy|Class_I/LTR/Ty3_gypsy/non-chromovirus/OTA/Tat/Retand:Ty3-INT	256	3.4e-119	81.0	0.97	391.5
TE_00000509_INT#LTR/Gypsy|Class_I/LTR/Ty3_gypsy/chromovirus/Reina:Ty3-GAG	115	2e-18	97.4	0.97	60.8
TE_00000519_INT#LTR/Gypsy|Class_I/LTR/Ty3_gypsy/non-chromovirus/OTA/Athila:Ty3-GAG	35	7.8e-06	20.3	0.86	19.8
TE_00000536_INT#LTR/Gypsy|Class_I/LTR/Ty3_gypsy/chromovirus/Reina:Ty3-GAG	119	1.8e-23	100.0	0.95	77.0
TE_00000541_INT#LTR/Gypsy|Class_I/LTR/Ty3_gypsy/chromovirus/Reina:Ty3-GAG	118	1.4e-26	100.0	0.94	87.0
TE_00000541_INT#LTR/Gypsy|Class_I/LTR/Ty3_gypsy/chromovirus/Reina:Ty3-PROT	74	1.5e-24	98.6	0.99	79.7
TE_00000541_INT#LTR/Gypsy|Class_I/LTR/Ty3_gypsy/chromovirus/Reina:Ty3-RT	173	4.5e-92	100.0	0.99	300.1
TE_00000541_INT#LTR/Gypsy|Class_I/LTR/Ty3_gypsy/chromovirus/Reina:Ty3-RH	145	7.8e-67	100.0	1.0	217.6
TE_00000541_INT#LTR/Gypsy|Class_I/LTR/Ty3_gypsy/chromovirus/Reina:Ty3-INT	309	1.1e-137	100.0	0.99	451.6
TE_00000541_INT#LTR/Gypsy|Class_I/LTR/Ty3_gypsy/chromovirus/Reina:Ty3-CHD	75	2e-22	100.0	0.89	73.0
TE_00000545_INT#LTR/Gypsy|Class_I/LTR/Ty3_gypsy/non-chromovirus/OTA/Athila:Ty3-GAG	128	1.6e-51	100.0	0.97	167.5
TE_00000545_INT#LTR/Gypsy|Class_I/LTR/Ty3_gypsy/non-chromovirus/OTA/Athila:Ty3-PROT	77	4.3e-27	100.0	0.98	87.7
TE_00000545_INT#LTR/Gypsy|Class_I/LTR/Ty3_gypsy/non-chromovirus/OTA/Athila:Ty3-RT	192	6.4e-108	99.5	0.98	352.4
TE_00000545_INT#LTR/Gypsy|Class_I/LTR/Ty3_gypsy/non-chromovirus/OTA/Athila:Ty3-RH	141	6.6e-61	87.2	0.97	198.3
TE_00000545_INT#LTR/Gypsy|Class_I/LTR/Ty3_gypsy/non-chromovirus/OTA/Athila:Ty3-INT	283	2.6e-155	88.2	0.99	510.1
TE_00000550_INT#LTR/Gypsy|Class_I/LTR/Ty3_gypsy/non-chromovirus/OTA/Athila:Ty3-GAG	128	3.7e-53	99.2	1.0	172.8
TE_00000550_INT#LTR/Gypsy|Class_I/LTR/Ty3_gypsy/non-chromovirus/OTA/Athila:Ty3-PROT	77	2e-25	100.0	0.98	82.4
TE_00000551_INT#LTR/Gypsy|Class_I/LTR/Ty3_gypsy/chromovirus/CRM:Ty3-GAG	28	4.3e-09	20.0	0.95	30.3
TE_00000551_INT#LTR/Gypsy|Class_I/LTR/Ty3_gypsy/chromovirus/CRM:Ty3-PROT	76	2.7e-30	100.0	0.99	98.2
TE_00000551_INT#LTR/Gypsy|Class_I/LTR/Ty3_gypsy/chromovirus/CRM:Ty3-RT	132	3.3e-55	71.1	0.97	180.1
TE_00000551_INT#LTR/Gypsy|Class_I/LTR/Ty3_gypsy/chromovirus/CRM:Ty3-RH	145	4.2e-56	100.0	0.98	182.9
TE_00000551_INT#LTR/Gypsy|Class_I/LTR/Ty3_gypsy/chromovirus/CRM:Ty3-INT	306	1.1e-139	98.4	0.99	458.5
TE_00000565_INT#LTR/Gypsy|Class_I/LTR/Ty3_gypsy/non-chromovirus/OTA/Athila:Ty3-GAG	124	3.2e-55	96.9	0.99	179.5
TE_00000579_LTR#LTR/Gypsy|Class_I/LTR/Ty3_gypsy/chromovirus/CRM:Ty3-CHDCR	59	6.7e-06	43.3	0.72	20.1
TE_00000583_INT#LTR/Gypsy|Class_I/LTR/Ty3_gypsy/chromovirus/Tekay:Ty3-INT	247	1.1e-123	79.5	0.99	405.9
TE_00000583_INT#LTR/Gypsy|Class_I/LTR/Ty3_gypsy/chromovirus/Tekay:Ty3-CHD	77	9.1e-25	100.0	0.99	80.3
TE_00000589_INT#LTR/Gypsy|Class_I/LTR/Ty3_gypsy/chromovirus/Tekay:Ty3-PROT	29	4.3e-05	32.0	0.89	17.7
TE_00000590_LTR#LTR/Gypsy|Class_I/LTR/Ty3_gypsy/chromovirus/CRM:Ty3-CHDCR	49	3.9e-07	65.0	0.63	24.1
TE_00000598_INT#LTR/Gypsy|Class_I/LTR/Ty3_gypsy/chromovirus/CRM:Ty3-GAG	130	6.1e-53	100.0	1.0	172.1
TE_00000598_INT#LTR/Gypsy|Class_I/LTR/Ty3_gypsy/chromovirus/CRM:Ty3-PROT	49	1.9e-18	60.0	0.96	60.3
TE_00000598_INT#LTR/Gypsy|Class_I/LTR/Ty3_gypsy/chromovirus/CRM:Ty3-RT	173	2.3e-102	100.0	1.0	333.7
TE_00000598_INT#LTR/Gypsy|Class_I/LTR/Ty3_gypsy/chromovirus/CRM:Ty3-RH	145	1.3e-79	100.0	1.0	259.1
TE_00000598_INT#LTR/Gypsy|Class_I/LTR/Ty3_gypsy/chromovirus/CRM:Ty3-INT	225	1.8e-135	73.1	1.0	444.7
TE_00000618_INT#LTR/Gypsy|Class_I/LTR/Ty3_gypsy/non-chromovirus/OTA/Tat/Retand:Ty3-GAG	124	1.5e-38	100.0	0.99	125.3
TE_00000622_INT#LTR/Gypsy|Class_I/LTR/Ty3_gypsy/non-chromovirus/OTA/Athila:Ty3-GAG	60	3.1e-17	37.5	0.92	56.7
TE_00000622_INT#LTR/Gypsy|Class_I/LTR/Ty3_gypsy/non-chromovirus/OTA/Athila:Ty3-PROT	77	5.4e-31	100.0	0.99	100.2
TE_00000622_INT#LTR/Gypsy|Class_I/LTR/Ty3_gypsy/non-chromovirus/OTA/Athila:Ty3-RT	39	3.8e-52	20.3	0.98	170.5
TE_00000622_INT#LTR/Gypsy|Class_I/LTR/Ty3_gypsy/non-chromovirus/OTA/Athila:Ty3-RH	144	1.5e-64	94.6	0.97	210.1
TE_00000622_INT#LTR/Gypsy|Class_I/LTR/Ty3_gypsy/non-chromovirus/OTA/Athila:Ty3-INT	271	1e-128	88.5	0.99	422.7
TE_00000640_INT#LTR/Gypsy|Class_I/LTR/Ty3_gypsy/non-chromovirus/OTA/Tat/Retand:Ty3-INT	315	1.4e-150	100.0	0.99	494.6
TE_00000645_INT#LTR/Gypsy|Class_I/LTR/Ty3_gypsy/non-chromovirus/OTA/Tat/Retand:Ty3-GAG	124	2.8e-29	100.0	0.93	95.4
TE_00000645_INT#LTR/Gypsy|Class_I/LTR/Ty3_gypsy/non-chromovirus/OTA/Tat/Retand:Ty3-PROT	76	4.6e-23	100.0	0.97	75.3
TE_00000645_INT#LTR/Gypsy|Class_I/LTR/Ty3_gypsy/non-chromovirus/OTA/Tat/Retand:Ty3-RT	174	2.6e-92	100.0	1.0	300.8
TE_00000645_INT#LTR/Gypsy|Class_I/LTR/Ty3_gypsy/non-chromovirus/OTA/Tat/Retand:Ty3-aRH	121	7.1e-43	100.0	0.97	139.2
TE_00000645_INT#LTR/Gypsy|Class_I/LTR/Ty3_gypsy/non-chromovirus/OTA/Tat/Retand:Ty3-INT	284	4.3e-88	89.1	0.92	289.3
TE_00000653_INT#LTR/Gypsy|Class_I/LTR/Ty3_gypsy/non-chromovirus/OTA/Athila:Ty3-GAG	126	1.6e-50	98.4	0.99	164.3
TE_00000653_INT#LTR/Gypsy|Class_I/LTR/Ty3_gypsy/non-chromovirus/OTA/Athila:Ty3-PROT	76	1.2e-24	100.0	0.99	79.9
TE_00000653_INT#LTR/Gypsy|Class_I/LTR/Ty3_gypsy/non-chromovirus/OTA/Athila:Ty3-RT	192	2.4e-102	100.0	0.99	334.2
TE_00000653_INT#LTR/Gypsy|Class_I/LTR/Ty3_gypsy/non-chromovirus/OTA/Athila:Ty3-RH	145	2.5e-59	83.9	0.94	193.2
TE_00000653_INT#LTR/Gypsy|Class_I/LTR/Ty3_gypsy/non-chromovirus/OTA/Athila:Ty3-INT	282	1.3e-151	88.5	0.99	497.9
TE_00000655_INT#LTR/Gypsy|Class_I/LTR/Ty3_gypsy/chromovirus/Reina:Ty3-GAG	119	1.9e-27	100.0	0.96	89.9
TE_00000655_INT#LTR/Gypsy|Class_I/LTR/Ty3_gypsy/chromovirus/Reina:Ty3-PROT	74	1.6e-27	100.0	1.0	89.3
TE_00000655_INT#LTR/Gypsy|Class_I/LTR/Ty3_gypsy/chromovirus/Reina:Ty3-RT	173	9.4e-90	100.0	1.0	292.6
TE_00000655_INT#LTR/Gypsy|Class_I/LTR/Ty3_gypsy/chromovirus/Reina:Ty3-RH	145	2.7e-69	100.0	1.0	225.6
TE_00000655_INT#LTR/Gypsy|Class_I/LTR/Ty3_gypsy/chromovirus/Reina:Ty3-INT	308	1.4e-146	100.0	0.99	480.8
TE_00000655_INT#LTR/Gypsy|Class_I/LTR/Ty3_gypsy/chromovirus/Reina:Ty3-CHD	74	4.6e-20	100.0	0.9	65.4
TE_00000682_INT#LTR/Gypsy|Class_I/LTR/Ty3_gypsy/chromovirus/Reina:Ty3-GAG	117	1.3e-28	100.0	0.99	93.6
TE_00000682_INT#LTR/Gypsy|Class_I/LTR/Ty3_gypsy/chromovirus/Reina:Ty3-PROT	75	8.5e-19	100.0	0.96	61.3
TE_00000682_INT#LTR/Gypsy|Class_I/LTR/Ty3_gypsy/chromovirus/Reina:Ty3-RT	132	1.1e-59	70.5	0.98	194.7
TE_00000682_INT#LTR/Gypsy|Class_I/LTR/Ty3_gypsy/chromovirus/Reina:Ty3-RH	145	7.8e-64	100.0	1.0	207.9
TE_00000682_INT#LTR/Gypsy|Class_I/LTR/Ty3_gypsy/chromovirus/Reina:Ty3-INT	308	2.6e-153	100.0	1.0	502.9
TE_00000682_INT#LTR/Gypsy|Class_I/LTR/Ty3_gypsy/chromovirus/Reina:Ty3-CHD	73	5.3e-18	100.0	0.91	58.8
TE_00000689_INT#LTR/Gypsy|Class_I/LTR/Ty3_gypsy/chromovirus/Reina:Ty3-GAG	116	1.5e-28	100.0	0.95	93.4
TE_00000689_INT#LTR/Gypsy|Class_I/LTR/Ty3_gypsy/chromovirus/Reina:Ty3-PROT	74	3.7e-25	100.0	1.0	81.7
TE_00000689_INT#LTR/Gypsy|Class_I/LTR/Ty3_gypsy/chromovirus/Reina:Ty3-RT	122	3.4e-56	70.5	0.98	183.3
TE_00000689_INT#LTR/Gypsy|Class_I/LTR/Ty3_gypsy/chromovirus/Reina:Ty3-RH	145	2.1e-69	100.0	1.0	226.0
TE_00000689_INT#LTR/Gypsy|Class_I/LTR/Ty3_gypsy/chromovirus/Reina:Ty3-INT	308	1.8e-149	100.0	1.0	490.3
TE_00000689_INT#LTR/Gypsy|Class_I/LTR/Ty3_gypsy/chromovirus/Reina:Ty3-CHD	74	7.1e-22	98.7	0.91	71.2
TE_00000724_INT#LTR/Gypsy|Class_I/LTR/Ty3_gypsy/non-chromovirus/OTA/Tat/Retand:Ty3-GAG	75	1.1e-14	50.0	0.96	48.2
TE_00000729_INT#LTR/Gypsy|Class_I/LTR/Ty3_gypsy/non-chromovirus/OTA/Athila:Ty3-INT	120	2.1e-56	35.5	0.97	185.2
TE_00000731_INT#LTR/Gypsy|Class_I/LTR/Ty3_gypsy/non-chromovirus/OTA/Athila:Ty3-PROT	77	2.8e-27	100.0	0.98	88.3
TE_00000731_INT#LTR/Gypsy|Class_I/LTR/Ty3_gypsy/non-chromovirus/OTA/Athila:Ty3-GAG	123	2.8e-37	100.0	0.94	121.5
TE_00000737_INT#LTR/Gypsy|Class_I/LTR/Ty3_gypsy/non-chromovirus/OTA/Athila:Ty3-GAG	125	3.2e-50	96.1	0.99	163.3
TE_00000737_INT#LTR/Gypsy|Class_I/LTR/Ty3_gypsy/non-chromovirus/OTA/Athila:Ty3-PROT	77	4.3e-30	100.0	0.99	97.4
TE_00000737_INT#LTR/Gypsy|Class_I/LTR/Ty3_gypsy/non-chromovirus/OTA/Athila:Ty3-RT	192	2.6e-111	100.0	1.0	363.5
TE_00000737_INT#LTR/Gypsy|Class_I/LTR/Ty3_gypsy/non-chromovirus/OTA/Athila:Ty3-RH	117	3.3e-59	78.5	0.99	192.8
TE_00000737_INT#LTR/Gypsy|Class_I/LTR/Ty3_gypsy/non-chromovirus/OTA/Athila:Ty3-INT	310	1.6e-163	98.7	1.0	537.0
TE_00000746_INT#LTR/Gypsy|Class_I/LTR/Ty3_gypsy/chromovirus/Reina:Ty3-GAG	117	8.8e-30	100.0	0.99	97.4
TE_00000746_INT#LTR/Gypsy|Class_I/LTR/Ty3_gypsy/chromovirus/Reina:Ty3-PROT	74	2.5e-22	100.0	1.0	72.7
TE_00000746_INT#LTR/Gypsy|Class_I/LTR/Ty3_gypsy/chromovirus/Reina:Ty3-RT	127	1.9e-61	70.5	0.99	200.4
TE_00000746_INT#LTR/Gypsy|Class_I/LTR/Ty3_gypsy/chromovirus/Reina:Ty3-RH	145	6.2e-64	100.0	1.0	208.2
TE_00000746_INT#LTR/Gypsy|Class_I/LTR/Ty3_gypsy/chromovirus/Reina:Ty3-INT	308	1.1e-151	100.0	1.0	497.6
TE_00000746_INT#LTR/Gypsy|Class_I/LTR/Ty3_gypsy/chromovirus/Reina:Ty3-CHD	74	1.2e-18	100.0	0.93	60.8
TE_00000754_INT#LTR/Gypsy|Class_I/LTR/Ty3_gypsy/chromovirus/Tekay:Ty3-PROT	69	3.1e-07	90.7	0.82	24.6
TE_00000754_INT#LTR/Gypsy|Class_I/LTR/Ty3_gypsy/chromovirus/Tekay:Ty3-CHD	76	7e-17	92.2	0.96	55.0
TE_00000762_INT#LTR/Gypsy|Class_I/LTR/Ty3_gypsy/chromovirus/CRM:Ty3-GAG	130	3.4e-44	100.0	0.97	143.8
TE_00000762_INT#LTR/Gypsy|Class_I/LTR/Ty3_gypsy/chromovirus/CRM:Ty3-PROT	75	4.3e-31	100.0	0.98	100.8
TE_00000762_INT#LTR/Gypsy|Class_I/LTR/Ty3_gypsy/chromovirus/CRM:Ty3-RT	173	7.4e-102	100.0	1.0	332.0
TE_00000762_INT#LTR/Gypsy|Class_I/LTR/Ty3_gypsy/chromovirus/CRM:Ty3-RH	145	6.8e-79	100.0	1.0	256.8
TE_00000762_INT#LTR/Gypsy|Class_I/LTR/Ty3_gypsy/chromovirus/CRM:Ty3-INT	176	1.4e-98	56.8	0.98	323.6
TE_00000762_INT#LTR/Gypsy|Class_I/LTR/Ty3_gypsy/chromovirus/CRM:Ty3-CHDCR	24	1.2e-11	40.0	0.98	38.5
TE_00000767_INT#LTR/Gypsy|Class_I/LTR/Ty3_gypsy/non-chromovirus/OTA/Athila:Ty3-PROT	77	2.1e-31	100.0	0.99	101.5
TE_00000770_INT#LTR/Gypsy|Class_I/LTR/Ty3_gypsy/non-chromovirus/OTA/Tat/Retand:Ty3-GAG	123	4e-34	100.0	0.97	111.0
TE_00000770_INT#LTR/Gypsy|Class_I/LTR/Ty3_gypsy/non-chromovirus/OTA/Tat/Retand:Ty3-PROT	76	2.6e-21	100.0	0.98	69.7
TE_00000770_INT#LTR/Gypsy|Class_I/LTR/Ty3_gypsy/non-chromovirus/OTA/Tat/Retand:Ty3-RH	54	1.2e-43	21.1	0.9	143.2
TE_00000770_INT#LTR/Gypsy|Class_I/LTR/Ty3_gypsy/non-chromovirus/OTA/Tat/Retand:Ty3-INT	215	2.2e-78	65.3	0.94	257.4
TE_00000772_INT#LTR/Gypsy|Class_I/LTR/Ty3_gypsy/non-chromovirus/OTA/Athila:Ty3-GAG	128	8.3e-53	100.0	0.99	171.7
TE_00000786_INT#LTR/Gypsy|Class_I/LTR/Ty3_gypsy/chromovirus/Reina:Ty3-GAG	50	1.4e-09	37.6	0.95	32.3
TE_00000786_INT#LTR/Gypsy|Class_I/LTR/Ty3_gypsy/chromovirus/Reina:Ty3-PROT	74	3.8e-27	100.0	0.99	88.1
TE_00000786_INT#LTR/Gypsy|Class_I/LTR/Ty3_gypsy/chromovirus/Reina:Ty3-RT	138	5.9e-63	71.1	0.97	205.4
TE_00000786_INT#LTR/Gypsy|Class_I/LTR/Ty3_gypsy/chromovirus/Reina:Ty3-RH	145	3.9e-63	100.0	1.0	205.6
TE_00000786_INT#LTR/Gypsy|Class_I/LTR/Ty3_gypsy/chromovirus/Reina:Ty3-INT	308	5.4e-156	100.0	1.0	511.7
TE_00000786_INT#LTR/Gypsy|Class_I/LTR/Ty3_gypsy/chromovirus/Reina:Ty3-CHD	73	2.4e-20	98.7	0.92	66.3
TE_00000788_INT#LTR/Gypsy|Class_I/LTR/Ty3_gypsy/chromovirus/Reina:Ty3-GAG	51	2.6e-08	37.6	0.95	28.1
TE_00000788_INT#LTR/Gypsy|Class_I/LTR/Ty3_gypsy/chromovirus/Reina:Ty3-PROT	74	3.6e-25	100.0	1.0	81.7
TE_00000788_INT#LTR/Gypsy|Class_I/LTR/Ty3_gypsy/chromovirus/Reina:Ty3-RT	123	1.1e-59	70.5	0.99	194.7
TE_00000788_INT#LTR/Gypsy|Class_I/LTR/Ty3_gypsy/chromovirus/Reina:Ty3-RH	145	1.3e-62	100.0	1.0	203.9
TE_00000788_INT#LTR/Gypsy|Class_I/LTR/Ty3_gypsy/chromovirus/Reina:Ty3-INT	308	3.3e-151	100.0	1.0	496.0
TE_00000788_INT#LTR/Gypsy|Class_I/LTR/Ty3_gypsy/chromovirus/Reina:Ty3-CHD	73	1.2e-19	98.7	0.92	64.1
TE_00000789_INT#LTR/Gypsy|Class_I/LTR/Ty3_gypsy/chromovirus/Reina:Ty3-GAG	117	3.2e-30	100.0	0.99	98.8
TE_00000789_INT#LTR/Gypsy|Class_I/LTR/Ty3_gypsy/chromovirus/Reina:Ty3-PROT	74	2e-25	100.0	1.0	82.6
TE_00000789_INT#LTR/Gypsy|Class_I/LTR/Ty3_gypsy/chromovirus/Reina:Ty3-RT	125	2.4e-62	71.1	0.99	203.4
TE_00000789_INT#LTR/Gypsy|Class_I/LTR/Ty3_gypsy/chromovirus/Reina:Ty3-RH	145	6.4e-58	100.0	0.99	188.7
TE_00000789_INT#LTR/Gypsy|Class_I/LTR/Ty3_gypsy/chromovirus/Reina:Ty3-INT	308	1.1e-153	100.0	1.0	504.1
TE_00000789_INT#LTR/Gypsy|Class_I/LTR/Ty3_gypsy/chromovirus/Reina:Ty3-CHD	74	3e-19	100.0	0.92	62.8
TE_00000792_INT#LTR/Gypsy|Class_I/LTR/Ty3_gypsy/non-chromovirus/OTA/Athila:Ty3-PROT	56	5.1e-16	57.0	0.97	52.3
TE_00000792_INT#LTR/Gypsy|Class_I/LTR/Ty3_gypsy/non-chromovirus/OTA/Athila:Ty3-GAG	116	8.9e-48	89.1	0.98	155.4
TE_00000803_LTR#LTR/Gypsy|Class_I/LTR/Ty3_gypsy/chromovirus/CRM:Ty3-CHDCR	56	1.5e-09	65.0	0.9	31.8
TE_00000822_INT#LTR/Gypsy|Class_I/LTR/Ty3_gypsy/non-chromovirus/OTA/Tat/Retand:Ty3-GAG	113	6.9e-22	89.3	0.93	71.5
TE_00000822_INT#LTR/Gypsy|Class_I/LTR/Ty3_gypsy/non-chromovirus/OTA/Tat/Retand:Ty3-PROT	76	1.1e-22	100.0	0.97	74.1
TE_00000822_INT#LTR/Gypsy|Class_I/LTR/Ty3_gypsy/non-chromovirus/OTA/Tat/Retand:Ty3-RT	166	1.3e-78	93.1	0.98	256.3
TE_00000822_INT#LTR/Gypsy|Class_I/LTR/Ty3_gypsy/non-chromovirus/OTA/Tat/Retand:Ty3-INT	123	2.1e-33	37.3	0.95	109.7
TE_00000823_INT#LTR/Gypsy|Class_I/LTR/Ty3_gypsy/non-chromovirus/OTA/Athila:Ty3-GAG	80	3.8e-25	57.0	0.9	82.2
TE_00000830_INT#LTR/Gypsy|Class_I/LTR/Ty3_gypsy/non-chromovirus/OTA/Athila:Ty3-GAG	128	1.9e-56	100.0	0.99	183.4
TE_00000830_INT#LTR/Gypsy|Class_I/LTR/Ty3_gypsy/non-chromovirus/OTA/Athila:Ty3-PROT	77	5.9e-32	100.0	0.99	103.3
TE_00000830_INT#LTR/Gypsy|Class_I/LTR/Ty3_gypsy/non-chromovirus/OTA/Athila:Ty3-RT	192	2.6e-116	100.0	1.0	379.8
TE_00000830_INT#LTR/Gypsy|Class_I/LTR/Ty3_gypsy/non-chromovirus/OTA/Athila:Ty3-RH	128	1.7e-62	82.6	0.99	203.4
TE_00000830_INT#LTR/Gypsy|Class_I/LTR/Ty3_gypsy/non-chromovirus/OTA/Athila:Ty3-INT	313	1.8e-177	100.0	1.0	582.9
TE_00000860_INT#LTR/Gypsy|Class_I/LTR/Ty3_gypsy/non-chromovirus/OTA/Athila:Ty3-GAG	128	5.1e-56	99.2	0.99	182.1
TE_00000860_INT#LTR/Gypsy|Class_I/LTR/Ty3_gypsy/non-chromovirus/OTA/Athila:Ty3-PROT	77	1.4e-32	100.0	0.99	105.4
TE_00000864_INT#LTR/Gypsy|Class_I/LTR/Ty3_gypsy/non-chromovirus/OTA/Athila:Ty3-GAG	95	3.9e-32	65.6	0.96	104.8
TE_00000864_INT#LTR/Gypsy|Class_I/LTR/Ty3_gypsy/non-chromovirus/OTA/Athila:Ty3-PROT	77	5.9e-26	100.0	0.98	84.1
TE_00000867_INT#LTR/Gypsy|Class_I/LTR/Ty3_gypsy/non-chromovirus/OTA/Athila:Ty3-GAG	112	1.2e-44	82.0	0.99	145.4
TE_00000867_INT#LTR/Gypsy|Class_I/LTR/Ty3_gypsy/non-chromovirus/OTA/Athila:Ty3-PROT	77	4.9e-30	100.0	0.99	97.2
TE_00000887_INT#LTR/Gypsy|Class_I/LTR/Ty3_gypsy/non-chromovirus/OTA/Athila:Ty3-GAG	128	6.9e-58	100.0	0.99	188.1
TE_00000887_INT#LTR/Gypsy|Class_I/LTR/Ty3_gypsy/non-chromovirus/OTA/Athila:Ty3-PROT	77	2.5e-29	100.0	0.98	94.9
TE_00000901_INT#LTR/Gypsy|Class_I/LTR/Ty3_gypsy/chromovirus/Reina:Ty3-GAG	119	1.4e-27	100.0	0.96	90.3
TE_00000901_INT#LTR/Gypsy|Class_I/LTR/Ty3_gypsy/chromovirus/Reina:Ty3-PROT	74	2e-26	100.0	1.0	85.8
TE_00000901_INT#LTR/Gypsy|Class_I/LTR/Ty3_gypsy/chromovirus/Reina:Ty3-RT	173	1.2e-92	100.0	1.0	302.1
TE_00000901_INT#LTR/Gypsy|Class_I/LTR/Ty3_gypsy/chromovirus/Reina:Ty3-RH	145	2.9e-65	100.0	0.99	212.6
TE_00000901_INT#LTR/Gypsy|Class_I/LTR/Ty3_gypsy/chromovirus/Reina:Ty3-INT	308	9.4e-155	100.0	1.0	507.6
TE_00000901_INT#LTR/Gypsy|Class_I/LTR/Ty3_gypsy/chromovirus/Reina:Ty3-CHD	74	6.5e-21	98.7	0.9	68.2
